geohash6,day,timestamp,demand
qp02z9,14,10:0,0.0251896244611
qp02z9,14,10:15,0.021243231735
qp02z9,14,10:30,0.0234313041683
qp02z9,14,10:45,0.0215766193964
qp02z9,14,11:0,0.0216615349498
qp02zj,14,10:0,0.186657925618
qp02zj,14,10:15,0.186657925618
qp02zj,14,10:30,0.159604758662
qp02zj,14,10:45,0.181867614511
qp02zj,14,11:0,0.181867614511
qp02zt,14,10:0,0.115791499225
qp02zt,14,10:15,0.132823264478
qp02zt,14,10:30,0.117680745679
qp02zt,14,10:45,0.127599961161
qp02zt,14,11:0,0.138824305815
qp03me,14,10:0,0.0232320133369
qp03me,14,10:15,0.0244128944666
qp03me,14,10:30,0.0252454245729
qp03me,14,10:45,0.0236615133374
qp03me,14,11:0,0.0244110741414
qp03ms,14,10:0,0.00642644309007
qp03ms,14,10:15,0.00847095586215
qp03ms,14,10:30,0.00921952882708
qp03ms,14,10:45,0.0103592060077
qp03ms,14,11:0,0.0107716827364
qp03mu,14,10:0,0.0366931884574
qp03mu,14,10:15,0.0482131816197
qp03mu,14,10:30,0.0500047258135
qp03mu,14,10:45,0.0503023232759
qp03mu,14,11:0,0.0453194416697
qp03mw,14,10:0,0.0244997079884
qp03mw,14,10:15,0.0251789157763
qp03mw,14,10:30,0.0267343154231
qp03mw,14,10:45,0.029295472613
qp03mw,14,11:0,0.0314204064269
qp03nd,14,9:0,0.0264561478072
qp03nd,14,9:15,0.0281361411517
qp03nd,14,9:30,0.0319886904147
qp03nd,14,9:45,0.0387581303063
qp03nd,14,10:0,0.0308630468805
qp03ny,14,10:0,0.0874698018392
qp03ny,14,10:15,0.0906695593756
qp03ny,14,10:30,0.0906695593756
qp03ny,14,10:45,0.095171991425
qp03ny,14,11:0,0.095171991425
qp03p0,14,10:0,0.0329152593043
qp03p0,14,10:15,0.0291255656778
qp03p0,14,10:30,0.0317549907934
qp03p0,14,10:45,0.0285516572405
qp03p0,14,11:0,0.0333363077663
qp03p6,14,10:0,0.0654663166852
qp03p6,14,10:15,0.0649130750911
qp03p6,14,10:30,0.0650571929585
qp03p6,14,10:45,0.0555222322626
qp03p6,14,11:0,0.0608541231512
qp03pd,14,10:0,0.0711571037887
qp03pd,14,10:15,0.0624923090166
qp03pd,14,10:30,0.0563153311243
qp03pd,14,10:45,0.0658161981525
qp03pd,14,11:0,0.0622034398477
qp03pe,14,10:0,0.0636925111238
qp03pe,14,10:15,0.051241142569
qp03pe,14,10:30,0.0469893827082
qp03pe,14,10:45,0.059752462621
qp03pe,14,11:0,0.0724092588982
qp03pv,14,10:0,0.0213024346952
qp03pv,14,10:15,0.029471843569
qp03pv,14,10:30,0.0286784097791
qp03pv,14,10:45,0.0372481974321
qp03pv,14,11:0,0.0327437489183
qp03q1,14,10:0,0.0430142658788
qp03q1,14,10:15,0.0435581308107
qp03q1,14,10:30,0.0435581308107
qp03q1,14,10:45,0.0456813774579
qp03q1,14,11:0,0.0456813774579
qp03q2,14,10:0,0.0633617353433
qp03q2,14,10:15,0.0605594502007
qp03q2,14,10:30,0.0605594502007
qp03q2,14,10:45,0.0593092159994
qp03q2,14,11:0,0.0643471988735
qp03q5,14,10:0,0.06171816052
qp03q5,14,10:15,0.0574623976644
qp03q5,14,10:30,0.0606665979319
qp03q5,14,10:45,0.0616670210707
qp03q5,14,11:0,0.0586211007355
qp03q9,14,10:0,0.0798388102687
qp03q9,14,10:15,0.0916154773863
qp03q9,14,10:30,0.10788655367
qp03q9,14,10:45,0.111261071902
qp03q9,14,11:0,0.110302668869
qp03qe,14,10:0,0.0715408357933
qp03qe,14,10:15,0.0735801432628
qp03qe,14,10:30,0.0711107951476
qp03qe,14,10:45,0.0750342584032
qp03qe,14,11:0,0.0729892181626
qp03qf,14,10:0,0.4667690257
qp03qf,14,10:15,0.466196972643
qp03qf,14,10:30,0.492566213972
qp03qf,14,10:45,0.463322474191
qp03qf,14,11:0,0.478279499661
qp03qt,13,11:15,0.0306025391903
qp03qt,13,11:30,0.0298600276097
qp03qt,13,11:45,0.0353593985833
qp03qt,13,12:0,0.0359035353436
qp03qt,13,12:15,0.0413885714337
qp03qv,14,10:0,0.0730356648586
qp03qv,14,10:15,0.0625139414933
qp03qv,14,10:30,0.0648518553896
qp03qv,14,10:45,0.0615209105706
qp03qv,14,11:0,0.0579518548861
qp03qx,14,10:0,0.0107006782026
qp03qx,14,10:15,0.0105555655575
qp03qx,14,10:30,0.0118114322532
qp03qx,14,10:45,0.0115549643942
qp03qx,14,11:0,0.0117195132543
qp03r4,14,10:0,0.0861596344317
qp03r4,14,10:15,0.0811045836429
qp03r4,14,10:30,0.0834730050296
qp03r4,14,10:45,0.0836551238132
qp03r4,14,11:0,0.0848469487716
qp03rp,14,10:0,0.054611656325
qp03rp,14,10:15,0.0554471465822
qp03rp,14,10:30,0.0594913004025
qp03rp,14,10:45,0.0625831615885
qp03rp,14,11:0,0.0596120225087
qp03rt,14,10:0,0.110983641801
qp03rt,14,10:15,0.110791727971
qp03rt,14,10:30,0.121021793767
qp03rt,14,10:45,0.122796332411
qp03rt,14,11:0,0.12491867366
qp03rx,14,10:0,0.0688923696527
qp03rx,14,10:15,0.0682646781711
qp03rx,14,10:30,0.0682646781711
qp03rx,14,10:45,0.0688923696527
qp03rx,14,11:0,0.0682646781711
qp03rz,14,10:0,0.0574467629708
qp03rz,14,10:15,0.0601005970274
qp03rz,14,10:30,0.0613380601396
qp03rz,14,10:45,0.0613535298509
qp03rz,14,11:0,0.0588767614244
qp03tc,14,10:0,0.0765446399947
qp03tc,14,10:15,0.0773533198296
qp03tc,14,10:30,0.0832952432658
qp03tc,14,10:45,0.0818913299863
qp03tc,14,11:0,0.0825033238667
qp03tg,14,10:0,0.017545279008
qp03tg,14,10:15,0.0200815747461
qp03tg,14,10:30,0.0149945741366
qp03tg,14,10:45,0.020064138724
qp03tg,14,11:0,0.0168569714669
qp03ts,14,10:0,0.0243553696861
qp03ts,14,10:15,0.0233493549689
qp03ts,14,10:30,0.0243553696861
qp03ts,14,10:45,0.0243553696861
qp03ts,14,11:0,0.0219425611744
qp03tw,14,10:0,0.0101540889001
qp03tw,14,10:15,0.0103510295396
qp03tw,14,10:30,0.0102216447726
qp03tw,14,10:45,0.0102359972019
qp03tw,14,11:0,0.010172544028
qp03v2,14,6:30,0.00532509092859
qp03v2,14,6:45,0.00542221008768
qp03v2,14,7:0,0.00620955872821
qp03v2,14,7:15,0.00580467097434
qp03v2,14,7:30,0.00531077081991
qp03vc,14,2:15,0.00486750849096
qp03vc,14,2:30,0.00496464342972
qp03vc,14,2:45,0.00539266647642
qp03vc,14,3:0,0.00486750849096
qp03vc,14,3:15,0.00486750849096
qp03w0,14,10:0,0.0153649983331
qp03w0,14,10:15,0.0284461845516
qp03w0,14,10:30,0.0231311564505
qp03w0,14,10:45,0.03142244227
qp03w0,14,11:0,0.026555016222
qp03w3,14,10:0,0.10288009215
qp03w3,14,10:15,0.10288009215
qp03w3,14,10:30,0.101171165658
qp03w3,14,10:45,0.10288009215
qp03w3,14,11:0,0.10288009215
qp03wq,14,10:0,0.0461522609035
qp03wq,14,10:15,0.048541743662
qp03wq,14,10:30,0.0480528821866
qp03wq,14,10:45,0.0493565009407
qp03wq,14,11:0,0.0485273679933
qp03wy,14,10:0,0.124620059066
qp03wy,14,10:15,0.141897664775
qp03wy,14,10:30,0.14060402992
qp03wy,14,10:45,0.144488279468
qp03wy,14,11:0,0.148743642005
qp03x3,14,10:0,0.0861648627156
qp03x3,14,10:15,0.0877547044719
qp03x3,14,10:30,0.0921907403802
qp03x3,14,10:45,0.0921934301353
qp03x3,14,11:0,0.0906446696893
qp03xg,14,10:0,0.140767531147
qp03xg,14,10:15,0.154541245143
qp03xg,14,10:30,0.137781058586
qp03xg,14,10:45,0.146803916351
qp03xg,14,11:0,0.149765871172
qp03xq,14,10:0,0.0854727316876
qp03xq,14,10:15,0.0828090503907
qp03xq,14,10:30,0.0895953618419
qp03xq,14,10:45,0.0889183052932
qp03xq,14,11:0,0.0906396086579
qp03xt,14,10:0,0.238908085934
qp03xt,14,10:15,0.256393735998
qp03xt,14,10:30,0.263339742588
qp03xt,14,10:45,0.252894643455
qp03xt,14,11:0,0.258992613702
qp03xu,14,10:0,0.0854928429837
qp03xu,14,10:15,0.104271292365
qp03xu,14,10:30,0.10491354483
qp03xu,14,10:45,0.109813022084
qp03xu,14,11:0,0.113383024658
qp03y2,14,10:0,0.0341362455158
qp03y2,14,10:15,0.0349024706431
qp03y2,14,10:30,0.035876868067
qp03y2,14,10:45,0.0361033215909
qp03y2,14,11:0,0.0355877967553
qp03y3,14,9:0,0.0082169152546
qp03y3,14,9:15,0.0104425907475
qp03y3,14,9:30,0.00996284027202
qp03y3,14,9:45,0.00842392191312
qp03y3,14,10:0,0.00892145791368
qp03yg,14,10:0,0.324448494154
qp03yg,14,10:15,0.304674272866
qp03yg,14,10:30,0.293370488838
qp03yg,14,10:45,0.293370488838
qp03yg,14,11:0,0.324448494154
qp03ym,14,10:0,0.0130459520801
qp03ym,14,10:15,0.0120685038308
qp03ym,14,10:30,0.0114814860418
qp03ym,14,10:45,0.0119662000224
qp03ym,14,11:0,0.0117995105675
qp03yt,14,10:0,0.0589354601026
qp03yt,14,10:15,0.054768446403
qp03yt,14,10:30,0.0485671738344
qp03yt,14,10:45,0.051150283005
qp03yt,14,11:0,0.0514959559739
qp03yx,14,10:0,0.0267306936996
qp03yx,14,10:15,0.0259963555163
qp03yx,14,10:30,0.0228171668024
qp03yx,14,10:45,0.0259703123147
qp03yx,14,11:0,0.0246298785593
qp03z3,13,5:15,0.00239661440233
qp03z3,13,5:30,0.00790063615579
qp03z3,13,5:45,0.00812300916584
qp03z3,13,6:0,0.00911951443258
qp03z3,13,6:15,0.00952452238458
qp03z6,14,10:0,0.00843403686004
qp03z6,14,10:15,0.00684915559434
qp03z6,14,10:30,0.00694508159142
qp03z6,14,10:45,0.00780322355096
qp03z6,14,11:0,0.00726904743289
qp03z7,14,10:0,0.0134193086541
qp03z7,14,10:15,0.0143378912315
qp03z7,14,10:30,0.0162331897941
qp03z7,14,10:45,0.0158658865136
qp03z7,14,11:0,0.0177294802166
qp03zf,14,10:0,0.141425235495
qp03zf,14,10:15,0.140292234041
qp03zf,14,10:30,0.135898732477
qp03zf,14,10:45,0.135973965064
qp03zf,14,11:0,0.136839127083
qp03zg,14,10:0,0.0508195803079
qp03zg,14,10:15,0.0454998566507
qp03zg,14,10:30,0.047718221075
qp03zg,14,10:45,0.0458110720274
qp03zg,14,11:0,0.0454788319682
qp03zu,14,10:0,0.0330174269731
qp03zu,14,10:15,0.0356287215964
qp03zu,14,10:30,0.0400713594937
qp03zu,14,10:45,0.0397625791431
qp03zu,14,11:0,0.0440418061201
qp03zy,13,9:0,0.00492160813975
qp03zy,13,9:15,0.00488531953666
qp03zy,13,9:30,0.00384626478885
qp03zy,13,9:45,0.00367941090084
qp03zy,13,10:0,0.0051929672013
qp06ns,14,7:45,0.00405529480398
qp06ns,14,8:0,0.00365116697185
qp06ns,14,8:15,0.00646916481489
qp06ns,14,8:30,0.0071735304151
qp06ns,14,8:45,0.00887730288821
qp06nt,14,8:45,0.00903817223285
qp06nt,14,9:0,0.00676316639179
qp06nt,14,9:15,0.00836330962132
qp06nt,14,9:30,0.00690321272008
qp06nt,14,9:45,0.00881671648031
qp06p8,14,5:45,0.00387357304283
qp06p8,14,6:0,0.00528399777546
qp06p8,14,6:15,0.00305924468916
qp06p8,14,6:30,0.00337578395179
qp06p8,14,6:45,0.00337578395179
qp06pb,14,10:0,0.184761695129
qp06pb,14,10:15,0.189139503625
qp06pb,14,10:30,0.171123319009
qp06pb,14,10:45,0.15884086953
qp06pb,14,11:0,0.154130095925
qp08be,14,9:30,0.0171446302522
qp08be,14,9:45,0.015636625213
qp08be,14,10:0,0.0153699032585
qp08be,14,10:15,0.0239431529131
qp08be,14,10:30,0.0264238442002
qp08bp,14,10:0,0.0802514346758
qp08bp,14,10:15,0.0842881169766
qp08bp,14,10:30,0.092944506876
qp08bp,14,10:45,0.0796868636954
qp08bp,14,11:0,0.0812392189297
qp08fh,14,9:45,0.0125536268774
qp08fh,14,10:0,0.0169389177477
qp08fh,14,10:15,0.0109305557288
qp08fh,14,10:30,0.0123019818374
qp08fh,14,10:45,0.0130224365201
qp08g6,14,4:0,0.00523942332143
qp08g6,14,4:15,0.00523942332143
qp08g6,14,4:30,0.00523942332143
qp08g6,14,4:45,0.00523942332143
qp08g6,14,5:0,0.00523942332143
qp08gp,14,9:15,0.0116337974866
qp08gp,14,9:30,0.0152070385376
qp08gp,14,9:45,0.0127772995009
qp08gp,14,10:0,0.0104627392455
qp08gp,14,10:15,0.00858830246013
qp08gv,14,9:15,0.00626711551804
qp08gv,14,9:30,0.010792756878
qp08gv,14,9:45,0.016042746973
qp08gv,14,10:0,0.0175006278308
qp08gv,14,10:15,0.0204793659493
qp08gy,14,9:45,0.0161971884351
qp08gy,14,10:0,0.0180049218035
qp08gy,14,10:15,0.0203549482517
qp08gy,14,10:30,0.0214755969283
qp08gy,14,10:45,0.028840574065
qp08up,14,9:15,0.00778133070975
qp08up,14,9:30,0.00666862654417
qp08up,14,9:45,0.00841480188914
qp08up,14,10:0,0.00756492964317
qp08up,14,10:15,0.00877734167155
qp0903,14,10:0,0.0524180556303
qp0903,14,10:15,0.0470923090655
qp0903,14,10:30,0.0554706833279
qp0903,14,10:45,0.052026534739
qp0903,14,11:0,0.0468303385731
qp0906,14,8:0,0.0297721218931
qp0906,14,8:15,0.0335345719335
qp0906,14,8:30,0.0234538875778
qp0906,14,8:45,0.0230749252766
qp0906,14,9:0,0.0290743989498
qp090d,14,9:30,0.0311982271219
qp090d,14,9:45,0.0345181169756
qp090d,14,10:0,0.0255272118513
qp090d,14,10:15,0.0303609860857
qp090d,14,10:30,0.0275759722311
qp090e,14,10:0,0.159020480383
qp090e,14,10:15,0.19454738236
qp090e,14,10:30,0.19518577007
qp090e,14,10:45,0.204674590673
qp090e,14,11:0,0.215065290203
qp090q,14,10:0,0.0272446958041
qp090q,14,10:15,0.0332860599505
qp090q,14,10:30,0.0310676487936
qp090q,14,10:45,0.0287856094127
qp090q,14,11:0,0.0272377534549
qp090v,14,1:0,0.00598143507654
qp090v,14,1:15,0.00598143507654
qp090v,14,1:30,0.00558449699817
qp090v,14,1:45,0.00558449699817
qp090v,14,2:0,0.00598143507654
qp091m,14,9:45,0.0163102051037
qp091m,14,10:0,0.0108663322258
qp091m,14,10:15,0.0189963065563
qp091m,14,10:30,0.0185041129599
qp091m,14,10:45,0.0169105782553
qp091p,14,0:45,0.00561090754196
qp091p,14,1:0,0.00561090754196
qp091p,14,1:15,0.00561090754196
qp091p,14,1:30,0.00561090754196
qp091p,14,1:45,0.00561090754196
qp091q,14,9:30,0.0169415297274
qp091q,14,9:45,0.0140155530318
qp091q,14,10:0,0.0154187111219
qp091q,14,10:15,0.013747838555
qp091q,14,10:30,0.013747838555
qp091w,14,10:0,0.0403684402294
qp091w,14,10:15,0.0340009104718
qp091w,14,10:30,0.0316009082298
qp091w,14,10:45,0.0343137072258
qp091w,14,11:0,0.0306468335815
qp0922,14,10:0,0.0110044901651
qp0922,14,10:15,0.011354068917
qp0922,14,10:30,0.0137007875747
qp0922,14,10:45,0.0186510795938
qp0922,14,11:0,0.0180076135076
qp0923,14,10:0,0.00672003191871
qp0923,14,10:15,0.00600724152055
qp0923,14,10:30,0.00781969359095
qp0923,14,10:45,0.00756291960971
qp0923,14,11:0,0.00733733826558
qp092p,14,10:0,0.0458240906328
qp092p,14,10:15,0.0554764329216
qp092p,14,10:30,0.0461649102431
qp092p,14,10:45,0.0524734816321
qp092p,14,11:0,0.0640549554301
qp093k,11,5:15,0.00721993127785
qp093k,11,5:30,0.00721993127785
qp093k,11,5:45,0.00721993127785
qp093k,11,6:0,0.00721993127785
qp093k,11,6:15,0.00721993127785
qp093n,12,6:45,0.00682264950351
qp093n,12,7:0,0.00682264950351
qp093n,12,7:15,0.00682264950351
qp093n,12,7:30,0.00682264950351
qp093n,12,7:45,0.00682264950351
qp093y,14,10:0,0.311222270175
qp093y,14,10:15,0.311222270175
qp093y,14,10:30,0.315631853589
qp093y,14,10:45,0.313833530775
qp093y,14,11:0,0.311385235536
qp0948,14,9:45,0.0135929930529
qp0948,14,10:0,0.0124904730971
qp0948,14,10:15,0.0162875655785
qp0948,14,10:30,0.0217710686742
qp0948,14,10:45,0.0194833178235
qp094c,14,10:0,0.0668423067849
qp094c,14,10:15,0.060346710607
qp094c,14,10:30,0.0611672338126
qp094c,14,10:45,0.0546013555992
qp094c,14,11:0,0.0596125813308
qp0954,14,9:45,0.00865073272411
qp0954,14,10:0,0.010865172993
qp0954,14,10:15,0.0139021429044
qp0954,14,10:30,0.0164595028856
qp0954,14,10:45,0.0138348095009
qp095f,12,3:30,0.00777792547169
qp095f,12,3:45,0.00777792547169
qp095f,12,4:0,0.00626588805605
qp095f,12,4:15,0.00626588805605
qp095f,12,4:30,0.00626588805605
qp095m,14,10:0,0.0370268400922
qp095m,14,10:15,0.025788868309
qp095m,14,10:30,0.0354929884779
qp095m,14,10:45,0.032319204945
qp095m,14,11:0,0.0286655784669
qp095s,14,9:45,0.0181497559067
qp095s,14,10:0,0.0118944609291
qp095s,14,10:15,0.00932064143143
qp095s,14,10:30,0.00975728753681
qp095s,14,10:45,0.0132165654685
qp096e,14,10:0,0.0271692529076
qp096e,14,10:15,0.024117490262
qp096e,14,10:30,0.0231582487409
qp096e,14,10:45,0.0241737049851
qp096e,14,11:0,0.0300923887761
qp096q,14,10:0,0.997539533874
qp096q,14,10:15,0.997539533874
qp096q,14,10:30,0.997539533874
qp096q,14,10:45,0.997539533874
qp096q,14,11:0,0.997539533874
qp096w,14,10:0,0.314993346903
qp096w,14,10:15,0.321705934408
qp096w,14,10:30,0.310598237285
qp096w,14,10:45,0.314663890015
qp096w,14,11:0,0.318970356386
qp0970,14,10:0,0.0299800698297
qp0970,14,10:15,0.0344273843428
qp0970,14,10:30,0.0443351362009
qp0970,14,10:45,0.035443150295
qp0970,14,11:0,0.0400684250243
qp0973,14,9:15,0.0179970247349
qp0973,14,9:30,0.01870709451
qp0973,14,9:45,0.0211212196748
qp0973,14,10:0,0.0255647903395
qp0973,14,10:15,0.0213029476719
qp0975,14,10:0,0.168417289567
qp0975,14,10:15,0.15008947987
qp0975,14,10:30,0.136935514346
qp0975,14,10:45,0.139040482581
qp0975,14,11:0,0.141888640209
qp0976,14,10:0,0.073377070267
qp0976,14,10:15,0.072801324284
qp0976,14,10:30,0.0848355683017
qp0976,14,10:45,0.0727931146077
qp0976,14,11:0,0.0764831873831
qp097n,8,11:45,0.00211176453768
qp097n,8,12:0,0.00211176453768
qp097n,8,12:15,0.00211176453768
qp097n,8,12:30,0.00211176453768
qp097n,8,12:45,0.00211176453768
qp097w,14,10:0,0.0947493184841
qp097w,14,10:15,0.0907110929872
qp097w,14,10:30,0.0924901324483
qp097w,14,10:45,0.0959726590379
qp097w,14,11:0,0.0962459154379
qp0984,14,10:0,0.0622919056537
qp0984,14,10:15,0.0607570737111
qp0984,14,10:30,0.0676276298119
qp0984,14,10:45,0.0700772576481
qp0984,14,11:0,0.0622376573321
qp098h,14,10:0,0.102048162853
qp098h,14,10:15,0.119602768549
qp098h,14,10:30,0.111262917006
qp098h,14,10:45,0.111262917006
qp098h,14,11:0,0.11369922471
qp098k,14,10:0,0.161491180238
qp098k,14,10:15,0.159101407074
qp098k,14,10:30,0.164201696512
qp098k,14,10:45,0.169576054246
qp098k,14,11:0,0.17164287681
qp098r,14,10:0,0.0519375482732
qp098r,14,10:15,0.0627379580405
qp098r,14,10:30,0.066264003842
qp098r,14,10:45,0.066264003842
qp098r,14,11:0,0.066264003842
qp0995,14,10:0,0.0172321064824
qp0995,14,10:15,0.0180541975973
qp0995,14,10:30,0.0215978370738
qp0995,14,10:45,0.0245944453195
qp0995,14,11:0,0.0241347936388
qp0997,14,10:0,0.0269555720837
qp0997,14,10:15,0.0281010500527
qp0997,14,10:30,0.0278411010915
qp0997,14,10:45,0.031392087289
qp0997,14,11:0,0.0266984829623
qp0998,14,10:0,0.0949890387427
qp0998,14,10:15,0.108092290737
qp0998,14,10:30,0.111672677368
qp0998,14,10:45,0.103516675808
qp0998,14,11:0,0.105620631286
qp099q,14,9:45,0.0203048678459
qp099q,14,10:0,0.0204710224066
qp099q,14,10:15,0.0212681862655
qp099q,14,10:30,0.0209774615344
qp099q,14,10:45,0.021848821835
qp099s,14,10:0,0.149967389855
qp099s,14,10:15,0.143805548758
qp099s,14,10:30,0.139747191785
qp099s,14,10:45,0.150265833191
qp099s,14,11:0,0.138340587037
qp099v,14,10:0,0.157649116714
qp099v,14,10:15,0.171450451777
qp099v,14,10:30,0.178316425683
qp099v,14,10:45,0.157649116714
qp099v,14,11:0,0.155641162376
qp099w,14,10:0,0.0296163982815
qp099w,14,10:15,0.029117772053
qp099w,14,10:30,0.0307112135765
qp099w,14,10:45,0.0280493483891
qp099w,14,11:0,0.0263474991891
qp09b1,14,10:0,0.0401288160368
qp09b1,14,10:15,0.0381647551441
qp09b1,14,10:30,0.0380453863718
qp09b1,14,10:45,0.0374571655395
qp09b1,14,11:0,0.0395658473434
qp09bd,14,10:0,0.107783289974
qp09bd,14,10:15,0.106997119716
qp09bd,14,10:30,0.110800714545
qp09bd,14,10:45,0.112294180997
qp09bd,14,11:0,0.113258690042
qp09bh,14,10:0,0.208410865861
qp09bh,14,10:15,0.207641783307
qp09bh,14,10:30,0.221324618128
qp09bh,14,10:45,0.211175272615
qp09bh,14,11:0,0.222063643592
qp09bt,14,9:0,0.00840656710891
qp09bt,14,9:15,0.0111878937739
qp09bt,14,9:30,0.0134440761196
qp09bt,14,9:45,0.011664839226
qp09bt,14,10:0,0.00992352258108
qp09c8,14,10:0,0.0208488805153
qp09c8,14,10:15,0.0182883344617
qp09c8,14,10:30,0.0185691666996
qp09c8,14,10:45,0.0179264013243
qp09c8,14,11:0,0.0171723058733
qp09cb,14,4:45,0.00519386468123
qp09cb,14,5:0,0.0126907343167
qp09cb,14,5:15,0.0100265472931
qp09cb,14,5:30,0.0113091269817
qp09cb,14,5:45,0.012127239849
qp09ce,14,9:30,0.014330168763
qp09ce,14,9:45,0.0143084323415
qp09ce,14,10:0,0.0151413129968
qp09ce,14,10:15,0.0150944851377
qp09ce,14,10:30,0.0150182610268
qp09ch,14,6:30,0.00480384761601
qp09ch,14,6:45,0.00480384761601
qp09ch,14,7:0,0.00480384761601
qp09ch,14,7:15,0.00480384761601
qp09ch,14,7:30,0.00480384761601
qp09cp,14,9:15,0.0132944231795
qp09cp,14,9:30,0.0183423766991
qp09cp,14,9:45,0.0154622998616
qp09cp,14,10:0,0.0145370309336
qp09cp,14,10:15,0.0162650089654
qp09cr,14,8:30,0.00725804248542
qp09cr,14,8:45,0.00662784926788
qp09cr,14,9:0,0.00809370755205
qp09cr,14,9:15,0.0067906942791
qp09cr,14,9:30,0.00638982962886
qp09de,14,10:0,0.387391197209
qp09de,14,10:15,0.425535309881
qp09de,14,10:30,0.422607855737
qp09de,14,10:45,0.417455270969
qp09de,14,11:0,0.418388594186
qp09ds,14,10:0,0.0514530702016
qp09ds,14,10:15,0.0560679670686
qp09ds,14,10:30,0.0541196199881
qp09ds,14,10:45,0.053136981846
qp09ds,14,11:0,0.0514713598953
qp09e7,14,10:0,0.173665766533
qp09e7,14,10:15,0.167932033547
qp09e7,14,10:30,0.166986726027
qp09e7,14,10:45,0.166561835101
qp09e7,14,11:0,0.175521563766
qp09eh,14,10:0,0.504033814767
qp09eh,14,10:15,0.493437562328
qp09eh,14,10:30,0.494251249551
qp09eh,14,10:45,0.481013074946
qp09eh,14,11:0,0.493771927381
qp09f3,14,10:0,0.133395030682
qp09f3,14,10:15,0.125207576103
qp09f3,14,10:30,0.123438674341
qp09f3,14,10:45,0.11616838864
qp09f3,14,11:0,0.11937542924
qp09f4,14,10:0,0.0105697214061
qp09f4,14,10:15,0.0119128440471
qp09f4,14,10:30,0.00988945513611
qp09f4,14,10:45,0.0103806648528
qp09f4,14,11:0,0.0114278589071
qp09fc,12,4:30,0.00269896609374
qp09fc,12,4:45,0.00269896609374
qp09fc,12,5:0,0.00269896609374
qp09fc,12,5:15,0.00269896609374
qp09fc,12,5:30,0.00269896609374
qp09ft,14,10:0,0.606475062025
qp09ft,14,10:15,0.620199549475
qp09ft,14,10:30,0.620199549475
qp09ft,14,10:45,0.620199549475
qp09ft,14,11:0,0.613997285721
qp09gm,14,10:0,0.0171303744461
qp09gm,14,10:15,0.0158475878443
qp09gm,14,10:30,0.0178741253365
qp09gm,14,10:45,0.0169909614328
qp09gm,14,11:0,0.0195673678773
qp09hh,14,10:0,0.266608079583
qp09hh,14,10:15,0.236704959462
qp09hh,14,10:30,0.225680311216
qp09hh,14,10:45,0.220954250208
qp09hh,14,11:0,0.200568923181
qp09hk,14,10:0,0.0237455312578
qp09hk,14,10:15,0.0194194095269
qp09hk,14,10:30,0.0191038564572
qp09hk,14,10:45,0.0160688126158
qp09hk,14,11:0,0.0165542235802
qp09hm,14,10:0,0.109619230802
qp09hm,14,10:15,0.0956865528266
qp09hm,14,10:30,0.093036965726
qp09hm,14,10:45,0.0971958862578
qp09hm,14,11:0,0.0840747688356
qp09hn,14,10:0,0.0716236550348
qp09hn,14,10:15,0.0604281295486
qp09hn,14,10:30,0.0610140358991
qp09hn,14,10:45,0.0596482775749
qp09hn,14,11:0,0.0596482775749
qp09hq,14,9:45,0.0116916396032
qp09hq,14,10:0,0.020577121693
qp09hq,14,10:15,0.0173547495154
qp09hq,14,10:30,0.0127331708035
qp09hq,14,10:45,0.0162555882505
qp09hv,14,10:0,0.0422166442341
qp09hv,14,10:15,0.0435360545486
qp09hv,14,10:30,0.0471197786923
qp09hv,14,10:45,0.0521413064679
qp09hv,14,11:0,0.0516428363299
qp09jb,14,7:0,0.00489923133994
qp09jb,14,7:15,0.00489923133994
qp09jb,14,7:30,0.00489923133994
qp09jb,14,7:45,0.00489923133994
qp09jb,14,8:0,0.00489923133994
qp09je,14,10:0,0.00850773380228
qp09je,14,10:15,0.00850773380228
qp09je,14,10:30,0.00589547930965
qp09je,14,10:45,0.00589547930965
qp09je,14,11:0,0.00850773380228
qp09jf,13,6:0,0.00559816366961
qp09jf,13,6:15,0.00559816366961
qp09jf,13,6:30,0.00559816366961
qp09jf,13,6:45,0.00559816366961
qp09jf,13,7:0,0.00559816366961
qp09jy,9,13:45,0.0211237619538
qp09jy,9,14:0,0.0211237619538
qp09jy,9,14:15,0.0211237619538
qp09jy,9,14:30,0.0211237619538
qp09jy,9,14:45,0.0211237619538
qp09kb,14,10:0,0.0378344916465
qp09kb,14,10:15,0.0422872992472
qp09kb,14,10:30,0.0419170444746
qp09kb,14,10:45,0.0470645233494
qp09kb,14,11:0,0.0373443454643
qp09ke,14,10:0,0.0549388986251
qp09ke,14,10:15,0.061029801141
qp09ke,14,10:30,0.0643583806077
qp09ke,14,10:45,0.0624339303632
qp09ke,14,11:0,0.0624055665145
qp09kq,13,3:0,0.00546908531784
qp09kq,13,3:15,0.00546908531784
qp09kq,13,3:30,0.00546908531784
qp09kq,13,3:45,0.00534801863964
qp09kq,13,4:0,0.00546908531784
qp09m3,6,1:30,0.00653893438836
qp09m3,6,1:45,0.00653893438836
qp09m3,6,2:0,0.00653893438836
qp09m3,6,2:15,0.00653893438836
qp09m3,6,2:30,0.00653893438836
qp09md,13,23:45,0.00496007538211
qp09md,13,0:0,0.00496007538211
qp09md,13,0:15,0.00496007538211
qp09md,13,0:30,0.00496007538211
qp09md,13,0:45,0.00496007538211
qp09me,14,9:0,0.0125858884293
qp09me,14,9:15,0.0145162234338
qp09me,14,9:30,0.0148412492828
qp09me,14,9:45,0.0158755157381
qp09me,14,10:0,0.0146534555844
qp09mq,14,9:45,0.0122754857931
qp09mq,14,10:0,0.0162432329106
qp09mq,14,10:15,0.0224235177282
qp09mq,14,10:30,0.0156185008129
qp09mq,14,10:45,0.0164165847517
qp09mw,14,10:0,0.0253458296832
qp09mw,14,10:15,0.0287886019405
qp09mw,14,10:30,0.0310698568821
qp09mw,14,10:45,0.0236560901288
qp09mw,14,11:0,0.0185198696843
qp09mx,14,10:0,0.0238114047621
qp09mx,14,10:15,0.0214510726603
qp09mx,14,10:30,0.0242900730742
qp09mx,14,10:45,0.0223458460056
qp09mx,14,11:0,0.0204051789824
qp09q4,14,1:15,0.00404794273593
qp09q4,14,1:30,0.00404794273593
qp09q4,14,1:45,0.00404794273593
qp09q4,14,2:0,0.00404794273593
qp09q4,14,2:15,0.00404794273593
qp09q5,14,10:0,0.0156208423372
qp09q5,14,10:15,0.0149897913766
qp09q5,14,10:30,0.0154763048724
qp09q5,14,10:45,0.0149897913766
qp09q5,14,11:0,0.014828813578
qp09qh,14,5:30,0.00451443188143
qp09qh,14,5:45,0.00451443188143
qp09qh,14,6:0,0.00451443188143
qp09qh,14,6:15,0.00451443188143
qp09qh,14,6:30,0.00451443188143
qp09qp,14,9:45,0.0086958431603
qp09qp,14,10:0,0.0100063269514
qp09qp,14,10:15,0.0087476545645
qp09qp,14,10:30,0.00996562289591
qp09qp,14,10:45,0.00919974507915
qp09s2,14,9:45,0.0152357063874
qp09s2,14,10:0,0.0192116930773
qp09s2,14,10:15,0.0162945699002
qp09s2,14,10:30,0.0203448468397
qp09s2,14,10:45,0.0254932378422
qp09sd,14,10:0,0.222269255384
qp09sd,14,10:15,0.225491415033
qp09sd,14,10:30,0.214585092141
qp09sd,14,10:45,0.214585092141
qp09sd,14,11:0,0.214585092141
qp09sn,14,10:0,0.290054547176
qp09sn,14,10:15,0.296801131276
qp09sn,14,10:30,0.303533365465
qp09sn,14,10:45,0.29919148594
qp09sn,14,11:0,0.29919148594
qp09tw,14,10:0,0.0279681252342
qp09tw,14,10:15,0.0343387229643
qp09tw,14,10:30,0.0364679316722
qp09tw,14,10:45,0.0283378283614
qp09tw,14,11:0,0.0301767069281
qp09ty,14,8:45,0.0128384950054
qp09ty,14,9:0,0.0136930023426
qp09ty,14,9:15,0.0136930023426
qp09ty,14,9:30,0.0136930023426
qp09ty,14,9:45,0.0136930023426
qp09u3,14,10:0,0.0719901461149
qp09u3,14,10:15,0.0622447446835
qp09u3,14,10:30,0.0563798782556
qp09u3,14,10:45,0.0476619434602
qp09u3,14,11:0,0.0429853734842
qp09ub,14,9:45,0.0220483704414
qp09ub,14,10:0,0.0190358389178
qp09ub,14,10:15,0.0182283892134
qp09ub,14,10:30,0.0163530899758
qp09ub,14,10:45,0.0181764369071
qp09ue,14,10:0,0.165999776124
qp09ue,14,10:15,0.150685078706
qp09ue,14,10:30,0.143667697006
qp09ue,14,10:45,0.141695854378
qp09ue,14,11:0,0.143667697006
qp09up,14,10:0,0.014147306485
qp09up,14,10:15,0.0155503305902
qp09up,14,10:30,0.0131760791699
qp09up,14,10:45,0.0150793941333
qp09up,14,11:0,0.0162016142675
qp09uy,14,10:0,0.912879310417
qp09uy,14,10:15,0.905159010684
qp09uy,14,10:30,0.905159010684
qp09uy,14,10:45,0.911729428831
qp09uy,14,11:0,0.905159010684
qp09uz,14,10:0,0.645461711305
qp09uz,14,10:15,0.651918269616
qp09uz,14,10:30,0.651918269616
qp09uz,14,10:45,0.645461711305
qp09uz,14,11:0,0.645461711305
qp09v6,14,10:0,0.0611655494468
qp09v6,14,10:15,0.041616216589
qp09v6,14,10:30,0.047072363123
qp09v6,14,10:45,0.0466550827662
qp09v6,14,11:0,0.0473172794484
qp09v7,14,10:0,0.010019131501
qp09v7,14,10:15,0.0178958395773
qp09v7,14,10:30,0.0177167876517
qp09v7,14,10:45,0.0177167876517
qp09v7,14,11:0,0.0178958395773
qp09vb,14,7:0,0.00233975928455
qp09vb,14,7:15,0.00233975928455
qp09vb,14,7:30,0.00233975928455
qp09vb,14,7:45,0.00233975928455
qp09vb,14,8:0,0.00233975928455
qp09vc,14,2:45,0.00820042401408
qp09vc,14,3:0,0.00820042401408
qp09vc,14,3:15,0.00820042401408
qp09vc,14,3:30,0.00820042401408
qp09vc,14,3:45,0.00820042401408
qp09vd,14,8:45,0.0148586792276
qp09vd,14,9:0,0.0169561624136
qp09vd,14,9:15,0.0137440137066
qp09vd,14,9:30,0.0155268690998
qp09vd,14,9:45,0.0183692899147
qp09vf,14,10:0,0.00619534300346
qp09vf,14,10:15,0.011611120461
qp09vf,14,10:30,0.0141016159195
qp09vf,14,10:45,0.0186274870643
qp09vf,14,11:0,0.0199003729074
qp09vs,14,10:0,0.0493428408913
qp09vs,14,10:15,0.0572296902879
qp09vs,14,10:30,0.0364225312019
qp09vs,14,10:45,0.0276612145167
qp09vs,14,11:0,0.0221411010538
qp09w4,12,14:30,0.0101230796184
qp09w4,12,14:45,0.0101230796184
qp09w4,12,15:0,0.0101230796184
qp09w4,12,15:15,0.0101230796184
qp09w4,12,15:30,0.0101230796184
qp09w5,14,10:0,0.134417927386
qp09w5,14,10:15,0.150789949063
qp09w5,14,10:30,0.191295126165
qp09w5,14,10:45,0.2139205079
qp09w5,14,11:0,0.224171306306
qp09wh,11,1:45,0.00385961088459
qp09wh,11,2:0,0.00385961088459
qp09wh,11,2:15,0.00385961088459
qp09wh,11,2:30,0.00385961088459
qp09wh,11,2:45,0.00385961088459
qp09yh,14,10:0,0.396875724007
qp09yh,14,10:15,0.406641092808
qp09yh,14,10:30,0.410132631428
qp09yh,14,10:45,0.406383709271
qp09yh,14,11:0,0.392015089147
qp09yp,14,10:0,0.031084967527
qp09yp,14,10:15,0.0363385428135
qp09yp,14,10:30,0.0253577339607
qp09yp,14,10:45,0.0216915178361
qp09yp,14,11:0,0.0186918443941
qp0d14,14,9:30,0.00908268606437
qp0d14,14,9:45,0.0081535546552
qp0d14,14,10:0,0.0116988980762
qp0d14,14,10:15,0.0126293169857
qp0d14,14,10:30,0.0124720361433
qp0d1s,12,10:0,0.0093670123413
qp0d1s,12,10:15,0.00774443511061
qp0d1s,12,10:30,0.00774443511061
qp0d1s,12,10:45,0.00797608957283
qp0d1s,12,11:0,0.0093670123413
qp0d48,14,10:0,0.116443449931
qp0d48,14,10:15,0.116940449046
qp0d48,14,10:30,0.11159687019
qp0d48,14,10:45,0.107170500463
qp0d48,14,11:0,0.110309352531
qp0d4h,14,4:15,0.0105137880641
qp0d4h,14,4:30,0.0105137880641
qp0d4h,14,4:45,0.0105137880641
qp0d4h,14,5:0,0.0105137880641
qp0d4h,14,5:15,0.0105137880641
qp0d4j,14,0:15,0.00760762735254
qp0d4j,14,0:30,0.00760762735254
qp0d4j,14,0:45,0.00760762735254
qp0d4j,14,1:0,0.00760762735254
qp0d4j,14,1:15,0.00760762735254
qp0d4t,14,10:0,0.107721892969
qp0d4t,14,10:15,0.108424381881
qp0d4t,14,10:30,0.109867369367
qp0d4t,14,10:45,0.108424381881
qp0d4t,14,11:0,0.105991136929
qp0d53,14,10:0,0.0933758431045
qp0d53,14,10:15,0.0991265568696
qp0d53,14,10:30,0.096964279671
qp0d53,14,10:45,0.110321298199
qp0d53,14,11:0,0.0961433404776
qp0d55,14,10:0,0.0217772144305
qp0d55,14,10:15,0.0261837473598
qp0d55,14,10:30,0.0222859573921
qp0d55,14,10:45,0.0205287902416
qp0d55,14,11:0,0.022772698749
qp0d5g,14,9:0,0.0085088387254
qp0d5g,14,9:15,0.0120868038384
qp0d5g,14,9:30,0.0128970157867
qp0d5g,14,9:45,0.0157678792377
qp0d5g,14,10:0,0.0111217107386
qp0d5t,14,9:15,0.00708924120398
qp0d5t,14,9:30,0.00861747895342
qp0d5t,14,9:45,0.00774188084047
qp0d5t,14,10:0,0.0113160699348
qp0d5t,14,10:15,0.00980009748473
qp0d5u,14,8:45,0.00453169317604
qp0d5u,14,9:0,0.00564014418316
qp0d5u,14,9:15,0.00564014418316
qp0d5u,14,9:30,0.00453169317604
qp0d5u,14,9:45,0.00453169317604
qp0dh0,14,10:0,0.0263480868092
qp0dh0,14,10:15,0.0395128550523
qp0dh0,14,10:30,0.038784846573
qp0dh0,14,10:45,0.0385684223219
qp0dh0,14,11:0,0.0391552877983
qp0dh6,14,9:0,0.00841194994823
qp0dh6,14,9:15,0.0163558398531
qp0dh6,14,9:30,0.0188747608931
qp0dh6,14,9:45,0.0220404590165
qp0dh6,14,10:0,0.0198929541953
qp0dhb,14,10:0,0.157187187208
qp0dhb,14,10:15,0.158486570552
qp0dhb,14,10:30,0.154894844211
qp0dhb,14,10:45,0.15731143602
qp0dhb,14,11:0,0.158087127468
qp0dhe,14,10:0,0.286925196396
qp0dhe,14,10:15,0.274811299145
qp0dhe,14,10:30,0.261920343716
qp0dhe,14,10:45,0.25760518479
qp0dhe,14,11:0,0.25760518479
qp0dhg,14,10:0,0.0212206355737
qp0dhg,14,10:15,0.0223665723939
qp0dhg,14,10:30,0.0214069728118
qp0dhg,14,10:45,0.0214069728118
qp0dhg,14,11:0,0.0219760943087
qp0dhk,14,10:0,0.0229209149321
qp0dhk,14,10:15,0.0249094945223
qp0dhk,14,10:30,0.0171382066163
qp0dhk,14,10:45,0.0205765066588
qp0dhk,14,11:0,0.0236009297058
qp0dj2,14,8:15,0.0186594014199
qp0dj2,14,8:30,0.0146069175149
qp0dj2,14,8:45,0.0133276987723
qp0dj2,14,9:0,0.0184621195941
qp0dj2,14,9:15,0.0202524683535
qp0dje,14,10:0,0.0144675895647
qp0dje,14,10:15,0.0177464004067
qp0dje,14,10:30,0.0145170572516
qp0dje,14,10:45,0.0186979915236
qp0dje,14,11:0,0.0160453494464
qp0djv,14,10:0,0.00601925464484
qp0djv,14,10:15,0.00601925464484
qp0djv,14,10:30,0.00633425152091
qp0djv,14,10:45,0.00633425152091
qp0djv,14,11:0,0.00601925464484
